序号,楼盘ID,楼盘名称,楼盘地址（到门牌号）,经纬度,物业名称,楼盘交付时间,入住户数,预计投放点位数,实际安装点位,"房价
（元/m2）",主力户型面积,目前开发状态,需解决的问题,城市
1,,云栖小镇,浙江省杭州市西湖区科海路市委党校旁,"120.09099,30.139888",杭州绿城物业,2017.12.31,1200,4,,21829,90,,,杭州
2,,桃花源,杭州市余杭区余杭镇凤凰山桃花源 ,"119.952215,30.251681",杭州绿城物业,2016.12.31,570,2,,26603,89,,,杭州
3,,桃花源南区,杭州市余杭区余杭镇中泰乡桃花源南区    ,"119.955336,30.242",杭州绿城物业,2015.6,570,2,,55938,90,,,杭州
4,,风华苑,杭州市余杭区临平世纪大道西段风华苑,"120.291866,30.404196",杭州绿城物业,2011.6.30,802,3,,24167,90,,,杭州
5,,蓝庭,杭州市余杭区临平镇星河路星光街蓝庭 ,"120.280382,30.434193",杭州绿城物业,2013.12.31,1200,4,,25827,90,,,杭州
6,,临安锦绣钱塘,临安市锦城街道民主村锦锈钱塘别墅园,"119.807123,30.266406",杭州绿城物业,2011.5.19,740,2,,19171,89,,,杭州
7,,星桥紫桂,杭州市余杭区星桥街道星源北路65号,"120.263861,30.404086",杭州绿城物业,,995,3,,25556,90,,,杭州
8,,翡翠城,杭州市余杭区闲林镇高教路翡翠城,"120.029083,30.246499",杭州绿城物业,2019.1,8500,28,,36634,90,,,杭州
9,,恒生科技园,余杭区文一西路1218号,"120.013331,30.283668",杭州绿城物业,2016.7.1,1778,6,,,90,,,杭州
10,,溪上玫瑰园,杭州市余杭区闲林镇高教路溪上玫瑰园,"120.027945,30.256999",杭州绿城物业,2017.10.31,323,1,,45046,90,,,杭州
11,,梧桐蓝山,杭州市余杭区临平世纪大道西段（风华苑对面）,"120.293286,30.401873",杭州绿城物业,2015.11.24,2000,7,,28650,89,,,杭州
12,,海创园,文一西路998号,"120.023875,30.287737",杭州绿城物业,,2322,8,,15024,90,,,杭州
13,,玉园,杭州市余杭区南苑街道叠华街绿城玉园物业服务中心,"120.30177,30.412299",杭州绿城物业,2016.6,1098,4,,37894,89,,,杭州
14,,阳光城,中泰街道中泰路石鸽社区（新南湖绿苑对面）,"119.943175,30.246391",杭州绿城物业,,1200,4,,,90,,,杭州
15,,东港花苑,余杭区临平镇北沙区西路150号,"120.278153,30.437535",杭州绿城物业,2013.12.31,2406,8,,23302,90,,,杭州
16,,临安青山湖红枫园,临安市青山镇六份头村青山湖红枫园物业服务中心,"119.816827,30.253619",杭州绿城物业,,170,1,,,130,,,杭州
17,,西溪艺术集合村,余杭区访溪路西溪艺术集合村（印象城对面）,"120.050813,30.256685",杭州绿城物业,,560,2,,,90,,,杭州
18,,西溪郡,天目山西路，高教路与荆余公路交叉口往西500米,"120.024478,30.236536",杭州绿城物业,,480,2,,27103,89,,,杭州
19,,玉榕庄,杭州余杭区余杭镇上文山村春城路西北侧,"119.985743,30.254151",杭州绿城物业,2014.12.31,282,1,,21201,90,,,杭州
20,,临安唐宁郡园,浙江省杭州市临安市钱王街,"119.750971,30.233138",杭州绿城物业,2014.6.30,564,2,,,90,,,杭州
21,,翡翠湾,杭州五常大道高教路交汇处往东300米,"120.030191,30.248029",杭州绿城物业,2015.6.30,417,1,,36511,130,,,杭州
22,,金岸提香,杭州余杭区中泰街道岑岭村1组,"119.940878,30.245704",杭州绿城物业,2011.1,975,3,,22915,90,,,杭州
23,,临安玉兰花园,临安临东路与衣锦街交叉口以东,"119.742847,30.242557",杭州绿城物业,2014.6,1410,5,,20020,89,,,杭州
24,,临安曼陀花园,青山湖度假风景区,"119.766549,30.244859",杭州绿城物业,2015.12.31,100,0,,18690,90,,,杭州
25,,海创人才公寓,杭州五常街道荆长路672-1号,"120.047406,30.296081",杭州绿城物业,,900,3,,15024,90,,,杭州
26,,玉都枫景苑,浙江省杭州市余杭区东西大道,,杭州绿城物业,2013.5.30,686,2,,28084,130,,,杭州
27,,富阳七里香溪,富阳银湖开发区九龙大道227号,"119.998795,30.151528",杭州绿城物业,2005.5.31,260,1,,37916,120~140平米,,,杭州
28,,桐庐玫瑰园,杭州分水江与富春江两江交汇处,,杭州绿城物业,2011.12.31,123,0,,23417,120~140平米,,,杭州
29,,富阳九龙山庄,富阳区杭富公路九龙大道81号,"119.96527,30.149408",杭州绿城物业,2007.12.31,850,3,,20405,120~140平米,,,杭州
30,,桐庐御溪名都,桐君街道瑶林路39号,"119.708568,29.809455",杭州绿城物业,,790,3,,21449,90,,,杭州
31,,富春和园,富阳金桥北路,"119.937708,30.068697",杭州绿城物业,2015.12.31,1500,5,,26804,130,,,杭州
32,,富春玫瑰园,富阳市东洲街道江滨东大道515号,"120.016275,30.087523",杭州绿城物业,2013.10.31,2200,7,,33771,90,,,杭州
33,,桃园小镇,余杭区余杭街道沈家店桃源小镇物业服务中心,"119.982327,30.240485",杭州绿城物业,2018年上半年,113,0,,,89,,,杭州
34,,西溪融庄,余杭荆长大道与文二西路口南侧300米,"120.048295,30.27635",杭州绿城物业,2015.4,435,1,,41333,90,,,杭州
35,,梦想小镇,未来科技城良睦路1399号梦想小镇互联网村,"120.011272,30.298565",杭州绿城物业,,760,3,,,90,,,杭州
36,,新远金座,杭州市余杭区南苑街道,"120.313497,30.408772",杭州绿城物业,,880,3,,,130,,,杭州
37,,碧水铭苑,杭州市余杭区五常大道，联胜路碧水铭苑物业服务中心,"120.046253,30.260823",杭州绿城物业,2006.11.30,989,3,,18500,90,,,杭州
38,,南岸晶都,滨江滨康路四桥时代大道东侧（滨康路长河路交叉口）,"120.200168,30.186207",杭州绿城物业,2007.7.31,1693,6,,34289,89,,,杭州
39,,奥兰多小镇,萧山风情大道，南都威尼斯水城背面,"120.243419,30.170803",杭州绿城物业,2007.12.31,800,3,,31497,90,,,杭州
40,,杭州新河公寓,杭州市潮王路288号新河公寓南310,"120.156646,30.290837",杭州绿城物业,,2300,8,,,90,,,杭州
41,,杭州红石公寓,杭州市潮王路201号,"120.1598,30.291444",杭州绿城物业,,120,0,,,130,,,杭州
42,,杭州北国之春,杭州市衢州街105号,"120.147731,30.322622",杭州绿城物业,,795,3,,,130,,,杭州
43,,杭州新湖香格里拉,杭州市余杭区良渚镇东西大道,"120.001955,30.359361",杭州绿城物业,2010.12.31,96,0,,23184,89,,,杭州
44,,杭州新湖果岭花苑,杭州市余杭区仓前宋家山,"119.983097,30.262286",杭州绿城物业,2016,597,2,,,90,,,杭州
45,,紫荆湖滨公寓,杭州市淳安县开发路68号,"119.062398,29.600485",紫荆湖滨公寓物业管理公司,2012.12.31,1200,4,,26万/平米,89,,,杭州
46,,骏浩华庭,绍兴市柯桥区世纪路1号,"120.528162,29.996141",金鸿物业公司,2013.10.31,460,2,,22.6万/平米,120~140平米,,,杭州
47,,绿城江南里,杭州市拱墅区小河路452号,"120.144185,30.326509",杭州绿城物业,2017.10.31,76,0,,19万/平米,130,,,杭州
48,,中大吴庄,四宜路21号,"120.168045,30.242835",杭州绿城物业,,345,1,,14.7万/平米,74,,,杭州
49,,绿城云栖玫瑰园,杭州市西湖区之江路186号,"120.085186,30.177088",杭州绿城物业,2013.12.31,340,1,,14万/平米,95,,,杭州
50,,元福里,上城区清泰街625号,"120.177868,30.252239",杭州绿城物业,2015年下半年,242,1,,13.1万/平米,89,,,杭州
51,,广宇吴山鸣翠苑,四宜路3号,"120.167595,30.241194",城南房地产物业公司,,347,1,,12.7万/平米,278,,,杭州
52,,九溪玫瑰园,九溪风景区五云西路8号,"120.117961,30.190137",杭州绿城物业,2001.1.18,200,1,,12.3万/平米,89,,,杭州
53,,武林壹号,拱墅区湖墅南路66号,"120.164978,30.283895",滨江物业管理公司,2017.5.16,872,3,,10.3万/平米,89,,,杭州
54,,桂花城,西湖区文二西路458号,"120.102076,30.28886",杭州绿城物业,,1153,4,,9.9万/平米,,,,杭州
55,,西湖花苑,环城西路18号,"120.164869,30.267012",众安物业,,80,0,,9.6万/平米,132,,,杭州
56,,云栖碟谷,之江路138号,"120.085184,30.173081",杭州绿城物业,,103,0,,9.4万/平米,,,,杭州
57,,吴山名苑,上城区劳动路28号,"120.169383,30.247876",众安物业,,140,0,,9.3万/平米,100,,,杭州
58,,嘉禾苑, 嘉禾里26号,"120.169773,30.24946",嘉园房地产开发有限公司,2001.8.30,112,0,,9.1万/平米,145,,,杭州
59,,广宇元华公寓,上城区柳营路22号,"120.169173,30.254748",卓盛物业管理有限公司,,224,1,,9.1万/平米,89,,,杭州
60,,滨江阳光海岸,之江路与甬江路交叉口,"120.199797,30.228425",滨江物业管理公司,2010年下半年,203,1,,8.8万/平米,89,,,杭州
61,,月桂花园,文三西路179号,"120.110768,30.281601",杭州绿城物业,,560,2,,8.8万/平米,138,,,杭州
62,,广宇湖滨公寓,上城 开元路与柳营路交叉口,"120.168798,30.254017",卓盛物业管理有限公司,,700,2,,8.7万/平米,,,,杭州
63,,林语别墅,西湖区文二西路688号,"120.097293,30.288725",南都物业,,168,1,,8.7万/平米,,,,杭州
64,,西湖美庐公馆,西湖区之北路8号,"120.101518,30.177172",杭州绿城物业,2016年,112,0,,8.6万/平米,197O~255O,,,杭州
65,,阳明谷度假村,西湖区常陇路6号 ,"120.090969,30.171793",景瑞物业,2018.4.30,220,1,,8.6万/平米,300~500平米,,,杭州
66,,宋城地中海别墅,萧山区湘湖旅游度假区内风情大道与湘湖交叉口,"120.24864,30.162413",上海高力国际物业有限公司,,234,1,,8.4万/平米,,,,杭州
67,,西湖捌号公馆,上城区河坊街439号,"120.167905,30.244568",杭州绿城物业,,118,0,,8.3万/平米,,,,杭州
68,,武林外滩,下城区文晖路338号,"120.167908,30.288054",高力国际,2016.5,374,1,,8.3万/平米,42~290平米,,,杭州
69,,钱塘帝景,滨江浦沿街道信诚路817号（信诚路与滨盛路交叉口）,"120.175836,30.198505",启胜物业管理服务有限公司,2013.12.1,343,1,,8.1万/平米,89~178平米,,,杭州
70,,绿城蓝色钱江,之江路与望江东路交叉口,"120.202197,30.229946",杭州绿城物业,2013.6,846,3,,8万/平米,,,,杭州
71,,耀华湖滨阁,下城区孝丰路19号,"120.164596,30.271109",凤起物业管理有限公司,2009.1,112,0,,7.9万/平米,,,,杭州
72,,日晖新村,莫干山路349号,"120.153913,30.289434",和梦物管,,415,1,,7.9万/平米,,,,杭州
73,,桂花城紫云苑,西湖区紫荆花路69,"120.098237,30.28887",杭州绿城物业,,47,0,,7.9万/平米,,,,杭州
74,,玉苑别墅,西湖区玉皇山路73-2号,"120.160302,30.228572",杭州绿城物业,,99,0,,7.8万/平米,,,,杭州
75,,绿城兰园,环城北路57号,"120.191679,30.279359",杭州绿城物业,2015.9.30,260,1,,7.7万/平米,90平米,,,杭州
76,,赛丽绿城丽园,上城 江城路与上仓桥路交叉口,"120.178494,30.234326",杭州绿城物业,2012.12.31,520,2,,7.6万/平米,,,,杭州
77,,文锦苑,西湖 文三路108号,"120.150698,30.285636",浙江坤元物业管理有限公司,2001.12.30,222,1,,7.6万/平米,,,,杭州
78,,国都崇文公寓,马腾路36号,,浙江国都房产集团有限公司,2006.9.30,212,1,,7.6万/平米,,,,杭州
79,,万科大都会79号,杭州市江干区钱江新城之江运河隧道运河东路出口,"120.236654,30.272688",万科物业管理公司,2018.5.20,328,1,,7.5万/平米,,,,杭州
80,,世贸丽晶城,天目山路150号,"120.144788,30.280008",浙江丽晶城物管,,1267,4,,7.4万/平米,,,,杭州
81,,世纪西溪别墅,西湖区文三西路658号,"120.099634,30.283126",杭州绿城物业,,130,0,,7.3万/平米,,,,杭州
82,,滨江钱塘艺墅,复兴路与之江路路交汇处东侧,"120.156302,30.208173",滨江物业,,360,1,,7.2万,,,,杭州
83,,金隅学府,上城南星秋涛路,"120.187709,30.229667",南都物业,2018,555,2,,7.3万/平米,89,,,杭州
84,,西溪诚园知敬苑,紫霞街近崇信路,"120.088973,30.297071",杭州绿城物业,2013,2300,8,,7.3万/平米,113,,,杭州
85,,望江府,闻潮路280号,"120.195695,30.234661",杭州绿城物业,2015,480,2,,7.3万/平米,89,,,杭州
86,,马腾路11号小区,西湖文三街马塍路11号,"120.153904,30.281911",业主自管,1998,900,3,,7.3万/平米,,,,杭州
87,,西溪河东,西湖学军西溪河东3-4号,"120.147736,30.28515",居委会代管,1984,546,2,,7.2万/平,70,,,杭州
88,,马塍路34号小区,马塍路34号,"120.153554,30.28426",自有物业,1990,390,1,,7.2万/平,,,,杭州
89,,安定名都,上城吴山西湖大道197号,"120.174533,30.251088",杭州信宇物业,2005,393,1,,7.2万/平,198,,,杭州
90,,保淑花园,西湖九莲保叔北路57号,"119.700279,30.240459",西溪街道办事处,1997,186,1,,7.2万/平,57,,,杭州
91,,宝石一路2号小区,宝石一路2号,"120.154636,30.270145",业主自管,,300,1,,7.1万/平,,,,杭州
92,,雅戈尔御西湖,西湖学院路216号,"120.137071,30.291692",雅戈尔物业,2013,700,2,,7.1万/平,153,,,杭州
93,,万象城悦府,江干钱江新城富春路701号,"120.223179,30.259211",新鸿基物业,2010,654,2,,7.1万/平,197,,,杭州
94,,耀江广厦公寓,上城区延安路126号,,浙江省耀江房地产开发有限公司,2001.2.1,526,2,,7万,,,,杭州
95,,杭州绿园,西湖 黄龙洞求是路玉古路口,30.265270，120.128910,杭州绿城物业,2003.9.1,1182,4,,7万,,,,杭州
96,,名珏公寓,东坡路23号-29号,30.254790，120.162680,杭州市新基业物业管理有限公司,,392,1,,7万,,,,杭州
97,,滨江金色海岸,杭州市上城区富春路6号,30.219560，120.185430,戴德梁行,2008.5,802,3,,7万,,,,杭州
98,,新绿园,鲲鹏路97号,30.223420，120.191830,杭州绿城物业,2010.6,618,2,,7万,,,,杭州
99,,吴山人家,上城区劳动路65号,30.245220，120.165970,镜湖物业,,162,1,,6.9万,,,,杭州
100,,滨江钱塘印象,钱江新城核心居住区东临甬江路西至候潮路南至富春路,30.222630，120.186410,滨江物业,2016.12.30,422,1,,6.9万,166~185平米,,,杭州
101,,西湖高尔夫别墅,杭州市西湖区之江路200号,30.173930，120.061466,西湖高尔夫别墅物业管理有限公司,,75,0,,6.8万,,,,杭州
102,,滨江保利翡翠海岸,近江路与秋涛路交叉口东南面,30.237300，120.193960,杭州滨江物业管理有限公司,,741,2,,6.8万,129~212平米,,,杭州
103,,信达滨江壹品,杭州市上城区钱江路和甬江路交叉口,30.227480，120.187040,杭州滨江物业管理有限公司,2019.12.31,543,2,,6.8万,138~142平米,,,杭州
104,,滨江凯旋门,江干区凯旋路126号,30.256240，120.190830,杭州滨江物业管理有限公司,2014,980,3,,6.8万,,,,杭州
105,,耀江文鼎苑,西湖区萍水西街193号,30.296540，120.094500,浙江耀江物业管理有限公司,,3539,12,,6.7万,,,,杭州
106,,新湖武林国际,环城北路167号,30.274020，120.174890,新湖绿城物业,2014.12.31,400,1,,6.6万,87~192平米,,,杭州
107,,运河宸园,杭州市拱墅区杭印路11号,30.315140，120.134980,杭州绿城物业,2016.12.31,912,3,,6.5万,89平米,,,杭州
108,,水岸枫庭,甬江路与之江大道交叉口,30.222100，120.189920,浙江雪峰物业服务有限公司,,812,3,,6.5万,,,,杭州
109,,融创大家侯潮府,钱江路候潮路交叉口,30.225060，120.183860,杭州绿城物业,2018.10.31,545,2,,6.5万,118~139平米,,,杭州
110,,东方润园,钱潮路9号,30.253910，120.222490,南都物业管理有限公司,2008.12.31,697,2,,6.4万,,,,杭州
111,,滨江城市之星,城星路与钱江路交界处,30.241010，120.204030,杭州新时代物业管理有限公司,2014.6.30,498,2,,6.3万,,,,杭州
112,,大家武林府,朝晖路与中河北路交叉口西北角,30.278740，120.168530,杭州大家物业经营管理有限公司,2013.5.31,421,1,,6.3万/平米,"193,281平米",,,杭州
113,,金祝花园,西湖区金祝北路1号,30.269870，120.151880,杭州西房物业管理有限公司,,153,1,,6.2万/平米,,,,杭州
114,,新西湖花园,之江路198号,30.173660，120.072390,杭州广东中奥物业有限公司,,390,1,,6.2万/平米,170~272平米,,,杭州
115,,庆春御府,江干庆春东路和庆菱路交叉口西南侧,30.256940，120.192240,杭州绿城物业,2015.6,660,2,,6.2万/平米,,,,杭州
116,,钱江御府,侯潮路与秋涛路交叉口东北角,30.226130，120.182420,浙江南都物业管理有限公司,2017,557,2,,6.1万/平米,139平米,,,杭州
117,,顺发恒园,建设二路与金鸡路交汇处,30.200770，120.253370,浙江纳德物业服务有限公司,2016,1009,3,,6.1万/平米,86，86，89平米，,,,杭州
118,,绿城九龙仓柳岸晓风,滨江闻涛路与平乐路交叉口,30.199100，120.179740,杭州绿城物业,2019.9.30,374,1,,6.1万/平米,"184,219，160平米，",,,杭州
119,,贺田尚城,滨江区六和路365号,30.181870，120.136300,杭州国都物业管理有限公司,2006.3.1,1308,4,,6.1万/平米,,,,杭州
120,,万科大家钱塘府,昙花庵路与水湘路交叉口,30.271020，120.217180,万科物业管理公司,2016.12.31,1309,4,,6.1万/平米,89平米,,,杭州
121,,华浙银马公寓,西湖 教工路与文一路交叉口东南侧,,华浙物业管理公司,2008.2,778,3,,6万/平米,,,,杭州
122,,金成花园,西湖区竞舟路220号,30.283860，120.105770,金成物业管理公司,,1012,3,,6万/平米,,,,杭州
123,,圣苑小区, 古墩路675号,,耀江物业,,1512,5,,6万/平米,,,,杭州
124,,名门世家,萧山区晨晖路1599号,30.138540，120.276200,杭州绿城物业,2014.12.30,1352,5,,6万/平米,"90,272,298平米",,,杭州
125,,冠苑小区,西湖紫金港古墩路595号,30.296450，120.096650,浙江省直同人物业,2004,560,2,,6万/平米,130,,,杭州
126,,远洋公馆,拱墅拱宸桥大衍街99号,30.309000，120.144740,远洋物业,2012,1300,4,,6万/平米,74,,,杭州
127,,武林花园,西湖文三街天目山路112号,30.273490，120.148710,杭州润宇物业,1998,352,1,,6万/平米,95,,,杭州
128,,绿城蔚蓝公寓,江干景芳凤起东路,30.264260，120.205220,绿城物业,2010,600,2,,6万/平米,89,,,杭州
129,,滨江华家池,江干南肖埠艮山西路81号,30.273960，120.192610,滨江物业,2017,780,3,,5.9万/平米,278,,,杭州
130,,九龙仓君玺,下城朝晖东新路21号,30.284230，120.175810,九龙仓物业,2016,526,2,,5.9万/平米,89,,,杭州
131,,罗马公寓,西湖松木场体育场路460号,30.270680，120.154090,杭州利兹物业,2003,141,0,,5.9万/平米,122,,,杭州
132,,融信杭州公馆,西湖文教学院路300号,30.292170，120.130360,融信物业,2017,540,2,,5.9万/平米,89,,,杭州
133,,国都公寓,下城庆春凤起路361号,30.188750，120.162331,浙江华太物业,2003,600,2,,5.9万/平米,140,,,杭州
134,,国信嘉园,滨江彩虹城伟业路,30.188750，120.162330,浙江省浙信房产,2006,890,3,,5.9万/平米,,,,杭州
135,,保利香槟国际,拱墅申花人文路116号,30.308500，120.110520,保利物业,2013,400,1,,5.9万/平米,132,,,杭州
136,,绿城明月江南（西区）,滨江滨江区政府共联路,30.206700，120.224300,绿城物业,2013,550,2,,5.9万/平米,,,,杭州
137,,耀江文欣苑,西湖九莲文二路207号,30.282310，120.137110,浙江耀江物业管理有限公司,2002,537,2,,5.9万/平米,100,,,杭州
138,,林风花园沁林苑,上城南星闻潮路168号,30.226640，120.190960,赞成物业,2007,450,2,,5.8万/平米,145,,,杭州
139,,钱江水晶城,滨江彩虹城滨盛路4402号,30.191870，120.166640,杭州彩虹物业,2008,1600,5,,5.8万/平米,89,,,杭州
140,,绿城明月江南（东区）,滨江滨江区政府西兴路,30.207320，120.227250,绿城物业,2013,1498,5,,5.8万/平米,89,,,杭州
141,,发展今日嘉园,西湖文教文一路192号,30.289370，120.133150,浙江华太物业,2006,374,1,,5.8万/平米,138,,,杭州
142,,紫玉公馆,江干南肖埠凯旋路359号,30.269770，120.190700,紫园物业,2010,687,2,,5.8万/平米,,,,杭州
143,,仙林苑北区,下城庆春二圣庙前60号,30.263090，120.169350,杭州新时代物业管理有限公司,2002,1544,5,,5.8万/平米,100,,,杭州
144,,景瑞天赋,萧山 彩虹城杨帆路,30.219605，120.244756,上海景瑞物业,,880,3,,5.8万/平米,,,,杭州
145,,白马公寓,拱墅湖墅密渡桥路2号,30.275450，120.159450,绿城物业,2000,1440,5,,5.8万/平米,,,,杭州
146,,阳光城檀悦,萧山钱江世纪城杨帆路,30.219720，120.247550,阳光城物业,,1102,4,,5.8万/平米,,,,杭州
147,,四宜路小区,上城四宜路,30.235198，120.161916,清波街道,1998,200,1,,5.8万/平,,,,杭州
148,,春江名苑,上城南星富春路,30.227060，120.192090,杭州赞成物业,2007,765,3,,5.8万/平,116,,,杭州
149,,仙林苑南区,下城庆春中山北路142号,30.259990，120.170320,新时代物业,2000,888,3,,5.8万/平,,,,杭州
150,,凤起桥河下小区,下城吴林凤起路,30.265684，120.160873,江山弄社区管理,1990,790,3,,5.8万/平,,,,杭州
151,,茶叶弄3号小区,下城吴林茶叶弄3号,30.264810，120.166570,天水街道,1987,84,0,,5.8万/平,,,,杭州
152,,融创河滨之城水澜轩,西湖紫金港五常港路,30.298677，120.064186,绿城物业,2016,3485,12,,5.8万/平,89,,,杭州
153,,马井巷小区,上城湖滨西湖大道,30.246390，120.165080,业主自管,1995,999,3,,5.8万/平,,,,杭州
154,,中山中路380号小区,上城湖滨中山中路380号,30.252990，120.170300,业主自管,,450,2,,5.8万/平,,,,杭州
155,,德信臻园,拱墅桥西小河路,30.325050，120.135780,浙江盛全物业,2013,300,1,,5.8万/平,255,,,杭州
156,,梧桐公寓,西湖学院路258号,30.286650，120.130270,绿城物业,2006,405,1,,5.8万/平,113,,,杭州
157,,中南白马湖壹号,萧山湘湖闻堰时代大道,30.146820，120.184210,绿城物业,2017,546,2,,5.8万/平,208,,,杭州
158,,顺发和美家,萧山钱江世纪城市心北路785号,30.229000，120.264030,纳德物业,2012,450,2,,5.7万/平,89,,,杭州
159,,远洋大河宸章,拱墅桥西小河路455号,30.319730，120.135560,北京远洋基业物业,2013,700,2,,5.7万/平,90,,,杭州
160,,康都紫轩,上城南星甬江路191号,30.228060，120.183260,浙江赞成物业,2011年,319,1,,5.7万/平,138,,,杭州
161,,丽景西苑,下城长庆东清巷76号,30.262260，120.179120,王马社区居委会,2000,176,1,,5.7万/平,134,,,杭州
162,,紫桂花园,西湖竞舟文二西路268号,30.282800，120.103600,绿城物业,2002,1120,4,,5.7万/平,135,,,杭州
163,,林风花园映水苑,上城南星闻潮路256号,30.227700，120.189970,杭州厦安物业,2008,890,3,,5.7万/平,138,,,杭州
164,,瑞丰格林苑,上城小营老浙大横路27号,30.253570，120.184500,杭州中铁杭萧,2004,279,1,,5.7万/平,,,,杭州
165,,龙湖春江俪城,滨江滨江区政府江汉路1337号,30.198340，120.204850,龙湖物业,2017,1102,4,,5.7万/平,89,,,杭州
166,,滨江金色家园,上城南星富春路16号,30.221360，120.184610,滨江物业,2008,840,3,,5.7万/平,104,,,杭州
167,,西城美墅,西湖紫金港申花路386号,30.311390，120.100460,杭州广宇物业,2010,709,2,,5.6万/平,80,,,杭州
168,,泰禾杭州院子,余杭未来科技城文二西路,30.272410，120.034220,泰禾物业,,780,3,,5.6万/平,155,,,杭州
169,,上岛公馆,拱墅长岛霞湾路38号,30.295940，120.150600,绿城物业,2012,1100,4,,5.6万/平,,,,杭州
170,,华都兰庭国际,西湖文教文二路128号,30.283450，120.139730,杭州高盛物业,2008,560,2,,5.6万/平,,,,杭州
171,,广宇西城年华,西湖紫金港申花路388号,30.309460，120.101190,杭州广宇物业,2007,1594,5,,5.6万/平,,,,杭州
172,,青春都市公寓,江干南肖埠绿景路28号,30.259750，120.199600,杭州信宇物业,2005,196,1,,5.6万/平,107,,,杭州
173,,南肖埠御景园,江干南肖埠太平门直街216号,30.259900，120.198430,杭州滨江物业,2004,780,3,,5.6万/平,90,,,杭州
174,,赛丽绿城慧园,拱墅申花丰潭路,30.306810，120.106180,绿城物业,2014,250,1,,5.6万/平,,,,杭州
175,,滨江金色蓝庭,西湖世纪新城文一西路18号,30.288460，120.116990,滨江物业,2008,700,2,,5.6万/平,89,,,杭州
176,,桂花城（公寓）,西湖桂花城文二西路458号,30.396002，120.263496,绿城物业,2000,1153,4,,5.6万/平,133,,,杭州
177,,绿城桃花源南区,余杭中泰东西大道,30.235870，119.947590,绿城物业,2015,320,1,,5.6万/平,67,,,杭州
178,,钱江水晶澜轩,滨江彩虹城火炬大道,30.192680，120.166390,杭州彩虹物业,2014,256,1,,5.6万/平,330,,,杭州
179,,钱江四苑西区,江干钱江新城顺福路,30.260090，120.212430,众恒物业,2000,554,2,,5.6万/平,,,,杭州
180,,远洋公馆绿园,拱墅拱宸桥大衍街101号,30.308320，120.141620,绿城物业,2015,430,1,,5.6万/平,,,,杭州
181,,海威新界,滨江滨江区政府物联网街330号,30.210550，120.225830,滨江物业,,650,2,,5.6万/平,,,,杭州
182,,鼓楼花园,上城鼓楼中河南路78号,30.236680，120.172610,现代物业,1998,320,1,,5.6万/平,,,,杭州
183,,九龙仓珑玺,拱墅申花莫干山路,30.311230，120.116160,无锡九龙仓物业,,880,3,,5.6万/平,89,,,杭州
184,,湘湖壹号,萧山湘湖闻堰湘湖路3001号,30.121800，120.194520,滨江物业,2013,565,2,,5.6万/平,500,,,杭州
185,,名城燕园（别墅）,拱墅和睦和盛街25号,30.275670，120.093440,南京名城物业,2010,880,3,,5.5万/平,,,,杭州
186,,盛世钱塘,江干钱江新城富春路899号,30.259200，120.222250,浙江华太物业,2007,550,2,,5.5万/平,147,,,杭州
187,,文亭公寓,西湖文教教工路197号,30.289900，120.133970,和安物业,1996,510,2,,5.5万/平,,,,杭州
188,,星洲花园南区,西湖桂花城古墩路,30.289660，120.095990,浙江华盛物业,2002,508,2,,5.5万/平,,,,杭州
189,,皇亲苑,下城吴林凤起路380号,30.265460，120.165540,皇亲苑社区管委会,1995,1336,4,,5.5万/平,91,,,杭州
190,,金基晓庐,江干钱江新城钱潮路68号,30.258020，120.219480,浙江华太物业,2009,765,3,,5.5万/平,,,,杭州
191,,杭州新湖果岭花苑,"拱墅-桥西-后横港路,近桥弄街",30.256360，119.976020,无锡九龙仓物业,2014,600,2,,55141,131,,,杭州
192,,皇亲苑,下城-武林-凤起路380号,30.265460，120.165540,皇亲苑社区居委会,1995,1336,4,,55072,108,,,杭州
193,,镜瑞弄社区,下城-庆春-麒麟街28号,30.263700，120.166560,武林街道,1992,328,1,,55000,50,,,杭州
194,,菩提寺路10号小区,上城-湖滨-菩提寺路10号,30.257670，120.165070,杭州绿城物业,,540,2,,55000,72,,,杭州
195,,桂花园,滨江北路56号,30.275460，120.098280,杭州绿城物业,,650,2,,54989,,,,杭州
196,,新城国际花园和园,江干-钱江新城-庆和路55号,30.254530，120.219103,绿城物业,2007,440,1,,54956,,,,杭州
197,,吴牙巷小区,下城-长庆-青春路,30.259460，120.175670,长庆街道,1989,765,3,,54903,,,,杭州
198,,石灰桥新村,西湖-文教-莫干山路,30.285980，120.144300,石灰桥新村管理处,1984,1312,4,,54894,58,,,杭州
199,,顺发美哉美城,"萧山-钱江世纪城-民和路,近飞虹路",30.224230，120.255730,浙江纳德物业,2017,664,2,,54878,97,,,杭州
200,,沿山河村,西湖-黄龙-保m路201号,30.270130，120.145330,社区居委会,1980,356,1,,54857,45,,,杭州
201,,西溪路65号小区,西湖-黄龙-西溪路65号,30.268880，120.144620,杭州绿城物业,,540,2,,54718,,,,杭州
202,,阳光地带花园,西湖-桂花城-紫荆花路311号,30.287860，120.092160,杭州品尚物业,2003,496,2,,54807,108,,,杭州
203,,小和弄11号小区,下城-庆春-小和弄11号,30.263887，120.165061,杭州绿城物业,,666,2,,54794,,,,杭州
204,,恒升花苑,西湖-文三街-文三路133号,30.277070，120.143440,宜民物业,2003,567,2,,54786,138,,,杭州
205,,采荷支路1号小区,江干-采荷-采荷支路1号,30.251360，120.196910,业主自营,,320,1,,54761,,,,杭州
206,,湖畔花园(别墅),西湖-竞舟-文一西路176号,30.286780，120.101950,浙江证大物业,1998,122,0,,54657,,,,杭州
207,,天巢花苑,下城-武林-体育场路402号,30.271530，120.159530,天巢物业,2001,184,1,,54642,103,,,杭州
208,,东城印象公寓,江干-景芳-新塘路318号,30.273353，120.208277,杭州广厦物业,2012,700,2,,54545,89,,,杭州
209,,布店弄小区,"下城-庆春-布店弄14,15,16,17号",30.262250，120.165930,业主自管,1988,920,3,,54545,50,,,杭州
210,,十三湾巷,"上城-吴山-华光路,近高银街",30.242570，120.167700,十三湾巷物业,1989,279,1,,54523,50,,,杭州
211,,涌金门社区,"上城-湖滨-定安路,近西湖大道",30.246730，120.165960,街道办事处（居委会）代管物业,1989,600,2,,54514,70,,,杭州
212,,耀江文萃苑,西湖-文教-文一路225-229号,30.287530，120.131350,杭州物华物业,2009,790,3,,54487,120,,,杭州
213,,宏农里,上城-湖滨-岳王路41号,30.256990，120.169120,业主自管,1985,140,0,,54464,50,,,杭州
214,,绿城春江花月,上城-南星-钱江路158号,30.216990，120.181450,绿城物业,2006,880,3,,54408,150,,,杭州
215,,名城公馆,"拱墅-桥西-登云路,近通益路",30.315780，120.129690,同益物业,2013,920,3,,54405,128,,,杭州
216,,东方御府,"江干-景芳-御临路,近凤起东路",30.273370，120.228270,南都物业,2015,670,2,,54383,88,,,杭州
217,,杭大新村,西湖-黄龙-西溪路56号,30.270150，120.143350,业主自管,1989,228,1,,54379,45,,,杭州
218,,玄坛公寓,"下城-武林-中河北路,近体育场路",30.268450，120.170250,仓桥社区居民委员会,1999,214,1,,54318,88,,,杭州
219,,新城国际花园彩园,江干-钱江新城-庆和路69号,30.255210，120.218830,浙江绿城物业,2008,768,3,,54317,140,,,杭州
220,,中豪晴园,西湖-文教-文一路181号,30.287620，120.133640,浙江颐景园物业,2006,290,1,,54272,130,,,杭州
221,,东润枫华,"江干-景芳-昙花庵路,近兴水弄",30.272560，120.215250,杭州绿城物业,2011,537,2,,54208,110,,,杭州
222,,运新花苑三区,"江干-景芳-御临路,近运新路",30.274130，120.226580,万豪物业,2007,900,3,,54087,148,,,杭州
223,,屏风苑小区,下城-武林-屏风街58号,30.267990，120.170370,屏风苑小区,1989,606,2,,54105,58,,,杭州
224,,万科郡西,余杭-良渚-大陆路,30.362150，120.022800,杭州万科物业,2017,760,3,,54059,370,,,杭州
225,,祠堂巷小区,上城-吴山-祠堂巷,30.241260，120.169780,社区居委会,1988,230,1,,54054,57,,,杭州
226,,中海钱江湾,江干-钱江新城-之江东路,30.268320，120.232460,中海物业管理,,440,1,,54000,,,,杭州
227,,西溪河下33号小区,西湖-文教-西溪河下33号,30.284019，120.140675,业主自管,1989,520,2,,53975,67,,,杭州
228,,玄坛弄小区,下城-武林-玄坛弄,30.268800，120.169510,天水街道,1989,791,3,,53918,40,,,杭州
229,,锦绣文苑,锦绣文苑,30.273890，120.151170,杭州坤和社区服务有限公司,2003,880,3,,53918,120,,,杭州
230,,毛家桥公寓,西湖-世纪新城-毛家桥路15号,30.285420，120.116340,新和物业,2005,697,2,,53912,120,,,杭州
231,,社坛苑,下城-武林-中河北路,30.265290，120.169580,天水街道,1998,427,1,,53900,70,,,杭州
232,,安吉路小区,"下城-武林-安吉路,近环城西路",30.263567，120.157570,业主自管,1990,450,2,,53868,60,,,杭州
233,,绿地旭辉城,滨江-滨江区政府-七甲路,30.224730，120.229180,上海永升物业,2017,2000,7,,53791,89,,,杭州
234,,绿城西子紫兰公寓,拱墅-信义坊-湖墅北路58号,30.297860，120.143740,绿城物业,2012,351,1,,53726,140,,,杭州
235,,永丰巷,下城-庆春-永丰巷8号,30.258230，120.168250,业主自管,1989,440,1,,53699,45,,,杭州
236,,环西新村,下城-武林-环城西路60号,30.267780，120.158170,环西新村社区中心,1989,587,2,,53691,40,,,杭州
237,,采荷街道青荷苑社区,江干-采荷-采荷支路10号,30.249810，120.196780,,,543,2,,53694,,,,杭州
238,,中海御道路一号,江干-钱江新城-御道路,30.269230，120.230770,中海物业管理,2016,1500,5,,53682,120,,,杭州
239,,耀江文萃苑,西湖-文教-文一路225-229号,30.287530，120.131350,浙江耀江物业,2003,345,1,,53676,,,,杭州
240,,花园社区,西湖-文教-学院路176-178号,30.302240，120.209640,社区居委会,1997,487,2,,53619,58,,,杭州
241,,星洲花园北区,西湖-桂花城-古墩路571号,30.302240，120.209640,浙江华盛物业管理公司,2000,1685,6,,53459,58,,,杭州
242,,上尚庭,"拱墅-申花-益乐路,近丰登路",30.299400，120.112750,浙江南都物业管理有限公司,2011,800,3,,53443,120,,,杭州
243,,浙大小区,西湖-文教-保m北路101号,30.288180，120.141180,铁佛寺社区居委会,2015,1200,4,,53435,,,,杭州
244,,定安苑,上城-吴山-定安路36号,30.244160，120.167110,定安苑物业,2000,552,2,,53429,50,,,杭州
245,,保利融信大国Z,萧山-萧山市区-建设一路,30.193050，120.269560,融信世欧物业管理,,550,2,,52912,,,,杭州
246,,保利霞飞郡,萧山-经开区-建设二路401号,30.201560，120.247750,保利物业,,880,3,,53349,,,,杭州
247,,欣盛东方福邸,"拱墅-申花-水月街,近学院北路",30.305630，120.111180,杭州南都物业,2013,1550,5,,53160,199,,,杭州
248,,武林路338号小区,下城-武林-武林路338号,30.267240，120.160110,社区居委会,1988,1200,4,,53149,,,,杭州
249,,滨江西溪明珠,"西湖-留下-百家园路,近天目山路",30.249460，120.059920,滨江西溪明珠,2016,1003,3,,53110,270,,,杭州
250,,国都枫华府第,西湖-翠苑-学院路129号,30.282260，120.128850,杭州国都物业,2011,1451,5,,53096,120,,,杭州
251,,下华光巷,上城-小营-中河中路188-192号,30.253536，120.172293,社区物业,1989,108,0,,53087,46,,,杭州
252,,竹竿巷社区,下城-庆春-白泽弄14号,30.260010，120.168320,街道办事处（居委会）,,560,2,,53070,,,,杭州
253,,溪畔花园,西湖-文教-文一路104号,30.289350，120.138850,街道办事处（居委会）,2000,390,1,,53044,60,,,杭州
254,,观巷小区,下城-庆春-凤起路,30.262720，120.166940,业主自管,1989,511,2,,53038,50,,,杭州
255,,龙湖春江彼岸,"滨江-滨江区政府-扬帆路,近丹枫路",30.221240，120.230210,龙湖物业,2015,2000,7,,52948,89,,,杭州
256,,龙游路小区,下城-庆春-龙游路14号,30.261372，120.158966,社区居委会,1988,102,0,,52944,65,,,杭州
257,,江山弄小区,"下城-武林-江山弄,近凤起路",30.264650，120.161970,灯芯巷社区居委会,1990,336,1,,52935,,,,杭州
258,,凯德龙湾,拱墅-和睦-小河路188号,30.312700，120.136600,凯德物业,2012,300,1,,52896,138,,,杭州
259,,世茂之西湖,滨江-彩虹城-江南大道,30.188131，120.147254,世茂物业管理,2013,946,3,,52895,89,,,杭州
260,,柏枝巷小区,下城-长庆-新华路,30.258790，120.177180,业主自营,2000,236,1,,52891,57,,,杭州
261,,龙华巷社区,"上城-小营-清吟街,近下华兴巷",30.253770，120.172940,华宇物业,1995,657,2,,52884,50,,,杭州
262,,顺发吉祥半岛,拱墅-桥西-登云路118号,30.314120，120.130440,浙江纳德物业,2014,1101,4,,52830,85,,,杭州
263,,紫园,江干-采荷-凯旋路100号,30.253120，120.190580,紫园物业,,987,3,,52830,221,,,杭州
264,,瑞立中央花城,滨江-滨江区政府-滨河路796号,30.200670，120.215910,绿城物业,2008,1200,4,,52817,136,,,杭州
265,,星洲花园南区(公寓),"西湖-桂花城-古墩路,近文一西路",30.289140，120.094380,浙江华盛房地产,2002,1100,4,,52797,140,,,杭州
266,,运新花苑二区,"江干-景芳-凤起东路,近御临路",30.272620，120.226130,万象物业,2015,1200,4,,52796,129,,,杭州
267,,风景大院,拱墅-桥西-通益路,30.322610，120.133030,杭州嘉园物业,2009,780,3,,52781,80,,,杭州
268,,世纪新城,西湖-世纪新城-高技路51-55号,30.283490，120.116260,杭州星辰房地产,2005,1250,4,,52749,60,,,杭州
269,,天阳尚景国际二期,"拱墅-申花-萍水街,近莫干山路",30.307740，120.117420,浙江天阳物业,2015,675,2,,52741,89,,,杭州
270,,深蓝广场,下城-西湖文化广场-朝晖路205号,30.275760，120.168640,绿城物业,2006,876,3,,52614,,,,杭州
271,,昌化新村,"城-武林-桃花河弄,近环城西路",30.268700，120.157470,社区居委会,1989,700,2,,52447,50,,,杭州
272,,孩儿巷103号小区,下城-庆春-孩儿巷103号,30.261280，120.166560,业主自管,1989,550,2,,52422,,,,杭州
273,,南都天水苑,下城-武林-中山北路417号,30.267910，120.166890,浙江永顺物业,2000,110,0,,52344,100,,,杭州
274,,银杏汇,"滨江-彩虹城-闻涛路,近东信大道",30.189350，120.148090,浙江开元物业,2014,300,1,,52338,185,,,杭州
275,,锦兰公寓,"拱墅-长乐-丽水路,近长乐路",30.300130，120.146320,浙江绿城物业,2011,340,1,,52337,145,,,杭州
276,,欣盛东方郡(东区),滨江-滨江区政府-春晓路233号,30.197200，120.216540,南都物业,2009,940,3,,52301,89,,,杭州
277,,滨江华家池(公寓),江干-南肖埠-艮山西路81号,30.275260，120.192760,滨江物业,2017,889,3,,52292,130,,,杭州
278,,平安居,下城-武林-屏风街94号,30.267990，120.168480,仓桥社区居民委员会,2005,450,2,,52289,74,,,杭州
279,,白荡海人家,西湖-文教-文一路66号,30.289720，120.142640,绿景物业,1988,1200,4,,52230,56,,,杭州
280,,思敬里,下城-庆春-孩儿巷,30.262940，120.162170,街道办事处,2000,68,0,,52225,64,,,杭州
281,,梅苑阁,西湖-文教-莫干山路513号,30.287900，120.143700,杭州石雨物业,1998,200,1,,52197,104,,,杭州
282,,运新花苑一区,"江干-景芳-运河东路,近凤起东路",30.271730，120.223800,万象物业,2009,1903,6,,52165,,,,杭州
283,,彩虹豪庭,"滨江-彩虹城-伟业路,近闻涛路",30.190870，120.157840,杭州彩虹物业,2010,476,2,,52116,200,,,杭州
284,,新金都城市花园,西湖-桂花城-古墩路415号,30.284920，120.097710,浙江金都物业,2000,550,2,,52114,89,,,杭州
285,,丽景苑,下城-潮鸣-建国北路87号,30.262070，120.180030,建设物业,2002,88,0,,52106,140,,,杭州
286,,比胜庙巷小区,"上城-湖滨-比胜庙巷,近开元路",30.246560，120.167840,湖滨街道,1988,776,3,,,,,,杭州
287,,环北新村,下城-武林-武林路458号,30.272040，120.158940,半道红社区居委会,1989,450,2,,52052,55,,,杭州
288,,惠民路小区,上城-吴山-惠民路1-74号,30.242930，120.166940,房管所代管物业,1986,876,3,,52049,65,,,杭州
289,,之江花园(别墅),滨江-彩虹城-东信大道,30.190233，120.152115,杭州屋宇物业,2009,111,0,,52000,,,,杭州
290,,怡和苑,"上城-近江-衢江路,近近江北路",30.232540，120.203520,杭州润宇物业,1997,140,0,,51990,89,,,杭州
291,,建工新村,西湖-学军-莫干山路,30.282730，120.148270,下马腾社区,1987,235,1,,51850,45,,,杭州
292,,金都华府,上城-雄镇楼-江城路,30.228610，120.176180,浙江金都物业,2007,960,3,,51845,135,,,杭州
293,,竹竿巷浙报公寓,下城-庆春-竹竿巷34号,30.262660，120.170740,梅苑物业,2000,428,1,,51745,120,,,杭州
294,,江南望庄,滨江-滨江区政府-月明路983号,30.202160，120.211300,中海物业管理,,670,2,,51734,130,,,杭州
295,,和家园(南区别墅),西湖-留下-杨梅山路310号,30.027230，119.976090,深圳市开元国际物业,2009,890,3,,51705,,,,杭州
296,,采荷小区金谷,江干-采荷-双菱路34号,30.254140，120.196140,业主自营,,876,3,,51698,45,,,杭州
297,,万科西庐,西湖-西溪-五常港路,30.293280，120.055510,杭州万洲置业,2015,1428,5,,51685,88,,,杭州
298,,富春泉水湾(别墅),富阳-东洲-江滨东大道819号,30.076640，120.024850,杭州万科物业,2013,405,1,,51642,260,,,杭州
299,,运新花苑五区,江干-景芳-运河东路,30.269860，120.223340,万象物业,2009,450,2,,51600,123,,,杭州
300,,华立金顶苑,西湖-文教-莫干山路499号,30.287160，120.144920,杭州华立物业,2001,800,3,,51592,162,,,杭州
301,,融创河滨之城雨澜轩,西湖-紫金港-五常港路301号,30.297120，120.058980,绿城物业,2016,987,3,,51574,,,,杭州
302,,星洲花园北区(别墅),西湖-桂花城-古墩路571号,30.275660，120.103090,浙江华盛物业,2000,679,2,,51463,,,,杭州
303,,劳工弄小区,下城-武林-武林路379号,30.268010，120.158990,社区居委会,1991,846,3,,51448,54,,,杭州
304,,秋涛南苑,上城-南星-秋涛路50号,30.221050，120.177890,社区居委会,1996,532,2,,51444,46,,,杭州
305,,黄龙小庄,西湖-西湖景区-曙光路,30.262780，120.169230,业主自管,2000,221,1,,51304,,,,杭州
306,,花圃铁路新村南区,江干-采荷-凯旋路45号,30.249966，120.188688,采荷街道,1989,336,1,,51286,50,,,杭州
307,,龙湖唐宁ONE,西湖-世纪新城-古翠路,30.284850，120.117850,杭州龙湖物业,2017,660,2,,51233,120,,,杭州
308,,采荷小区芙蓉,江干-采荷-双菱路21号,30.253630，120.195070,社区居委,1988,430,1,,51222,50,,,杭州
309,,采荷人家,江干-钱江新城-杭海路265-267号,30.256060，120.206820,杭州宋都物业,2004,680,2,,51179,120,,,杭州
310,,南肖埠文景苑,江干-南肖埠-凤起东路53号,30.264240，120.195150,杭州滨江物业管理,2004,448,1,,51007,120,,,杭州
311,,武林巷36号小区,西湖-文三街-武林巷36号,30.274790，120.147560,文天社区居委会,1988,543,2,,50985,,,,杭州
312,,万科西溪蝶园,西湖-西溪-紫霞街333号,30.290070，120.064150,杭州万科物业,2009,2500,8,,50943,50,,,杭州
313,,延庆里,上城-湖滨-延庆里,30.257350，120.170810,湖滨街道,1990,323,1,,50940,38,,,杭州
314,,莫干山路599号小区,西湖-文教-莫干山路599号,30.291480，120.142980,自有物业,,990,3,,50866,,,,杭州
315,,南肖埠庆和苑,江干-南肖埠-太平门直街88号,30.259640，120.193740,杭州滨江物业,2004,360,1,,50865,140,,,杭州
316,,武林路435号小区,下城-武林-武林路435号,30.269710，120.158800,社区居委会,,751,3,,50779,,,,杭州
317,,汇鑫枫景苑,江干-钱江新城-太平门直街283号,30.261330，120.201630,浙江汇鑫房地产,2006,543,2,,50705,100,,,杭州
318,,高教新村,西湖-桂花城-文一西路320号,30.286850，120.096470,浙江容大物业,1998,660,2,,50660,75,,,杭州
319,,华苑公寓,西湖-桂花城-古墩路453号,30.287310，120.097950,杭州宜民物业管理,2000,500,2,,50646,50,,,杭州
320,,保利中央公馆,江干-景芳-艮山西路,30.275160，120.206620,浙江保利物业,2019,456,2,,50607,109,,,杭州
321,,尚景国际,拱墅-申花-萍水街,30.306130，120.119000,浙江天阳物业,2013,650,2,,50594,90,,,杭州
322,,寰宇天下C区,"滨江-滨江区政府-滨盛路,近江陵路",30.215900，120.214140,中海物业,2014,660,2,,50577,,,,杭州
323,,景瑞悦西台,拱墅-申花-申花路,30.306890，120.107340,上海景瑞物业,2017,567,2,,50575,89,,,杭州
324,,广景苑,江干-景芳-景昙路100号,30.265960，120.205250,杭州昌龙物业,2007,245,1,,50570,130,,,杭州
325,,万科坤和玉泉,西湖-留下-西溪路,30.237520，120.065600,上海万科物业,2017,778,3,,50515,130,,,杭州
326,,和润园,和润园,30.290500，120.098560,杭州卓盛物业,2012,40,0,,50504,80,,,杭州
327,,远洋公馆(西区),拱墅-拱宸桥-丽水路71号,30.308234，120.141778,杭州远洋天祺置业,,1100,4,,50427,,,,杭州
328,,金成嘉南公寓,西湖-桂花城-文一西路378号,30.286980，120.093880,浙江金成物业,2000,820,3,,50410,80,,,杭州
329,,政新花园,西湖-竞舟-古墩路582号,30.290960，120.098110,杭州万象物业,2000,442,1,,50398,90,,,杭州
330,,水岸帝景,江干-钱江新城-钱潮路10号,30.255530，120.224720,杭州中环物业,2005,342,1,,50394,140,,,杭州
331,,中海西溪华府,西湖-西溪-五常港路,30.289800，120.054410,中海物业,2013,1200,4,,50351,90,,,杭州
332,,华海园,西湖-文教-文一路70号,30.289900，120.140900,杭州物华物业,2005,635,2,,50350,120,,,杭州
333,,名门世家,萧山-萧山市区-晨晖路,30.138540，120.276200,绿城物业,2011,1352,5,,50325,90,,,杭州
334,,莱蒙水榭春天,"滨江-滨江区政府-滨盛路,近扬帆路",30.226220，120.226790,深圳莱蒙物业,2016,854,3,,50264,120,,,杭州
335,,江枫苑,城-雄镇楼-凤山桥直街13号,30.223680，120.175610,杭州锦弘物业,2000,1000,3,,50261,100,,,杭州
336,,清吟街小区,"上城-小营-清吟街,近平海路",30.253650，120.174420,小营街道,1999,985,3,,50239,60,,,杭州
337,,环北新村社区,下城-武林-武林路458号,30.272040，120.158940,业主自营,,768,3,,50223,72,,,杭州
338,,钱塘帝景(公寓),滨江-彩虹城-信诚路817号,30.192300，120.169510,启胜物业,2013,1200,4,,50212,100,,,杭州
339,,坤和求是里,西湖-留下-求和路,30.240360，120.065360,坤和物业,2017,999,3,,50143,68,,,杭州
340,,火药局弄小区,上城-吴山-火药局弄,30.243770，120.167610,清波街道办事处,1985,954,3,,50137,60,,,杭州
341,,昆仑公馆,拱墅-湖墅-长板巷99号,30.291450，120.157050,昆仑物业,2014,680,2,,50136,170,,,杭州
342,,欣盛东方郡(西区),滨江-滨江区政府-江汉路170号,30.197070，120.212330,南都物业,2010,3166,11,,50059,59,,,杭州
343,,莱德绅华府,"拱墅-申花-丰登街,近隐秀路",30.299500，120.113650,绿城物业,2014,867,3,,50055,90,,,杭州
344,,意盛花苑,下城-武林-中河北路69号,30.266180，120.170220,杭州友邦物业,2000,230,1,,50051,70,,,杭州
345,,绿城留香园,江干-钱江新城-塘工局路,30.271860，120.231170,绿城物业,2017,754,3,,50029,139,,,杭州
346,,蔡官巷公寓,上城-清波-蔡官巷9号,30.235900，120.160920,清波街道办事处,2000,626,2,,50000,143,,,杭州
347,,景湖苑,下城-武林-体育场路415号,30.269850，120.156510,杭州利兹物业,2002,149,0,,49989,150,,,杭州
348,,后市街小区,"上城-吴山-后市街,近惠民路",30.243450，120.169890,清波街道定安路社区居委会,1997,1500,5,,49969,45,,,杭州
349,,保亿绿城奥邸国际,"萧山-钱江世纪城-博奥路,近平澜路",30.234170，120.236310,浙江保亿物业,,679,2,,49942,,,,杭州
350,,文溪鼎园(公寓),"西湖-竞舟-文一西路,近丰潭路",30.288970，120.105320,绿城物业,2014,577,2,,49875,89,,,杭州
351,,羊血弄小区,"上城-湖滨-羊血弄,近开元路",30.248350，120.169110,社区居委会,1995,854,3,,49866,,,,杭州
352,,庆春苑,江干-南肖埠-太平门直街15号,30.259190，120.191770,杭州杰康物业,2000,500,2,,49840,78,,,杭州
353,,开元路小区,上城-湖滨-开元路,30.247880，120.165940,业主自管,1998,300,1,,49810,56,,,杭州
354,,富星苑,上城-近江-钱江路620号,30.237160，120.199660,杭州在水一方物业,2000,111,0,,49691,70,,,杭州
355,,中河中路201号小区,上城-湖滨-中河中路201号,30.252050，120.171440,业主自管,2010,454,2,,49633,73,,,杭州
356,,紫林公寓,西湖-桂花城-紫荆花路301号,30.287700，120.092000,杭州市西湖区文新街道桂花园社区居民委员会,2002,1100,4,,49560,94,,,杭州
357,,闻潮尚庭,"上城-南星-望江东路,近钱江路",30.229990，120.188140,紫阳街道,,334,1,,49505,,,,杭州
358,,大华西溪风情(公寓),余杭-未来科技城-文一西路833号,30.276580，120.042190,杭州彩虹物业,2004,1500,5,,49475,80,,,杭州
359,,兴财名都苑,西湖-文教-莫干山路493号,30.286700，120.142780,杭州兴财物业管理有限公司,2003,274,1,,49455,120,,,杭州
360,,天阳上河(公寓),拱墅-和睦-和盛街111号,30.312180，120.132020,浙江天阳物业,2008,663,2,,49390,89,,,杭州
361,,遂安路小区,下城-庆春-环城西路,30.260799，120.158997,业主自管,2000,544,2,,49313,86,,,杭州
362,,旭辉和昌都会山,"萧山-钱江世纪城-奔竞大道,近书音路",30.231430，120.245340,上海永升物业,2019,756,3,,49305,,,,杭州
363,,府新花园,西湖-莲花街-文二西路589号,30.280680，120.092150,浙江野风物业,1999,4080,14,,49304,81,,,杭州
364,,浙旅德信西宸,拱墅-申花-萍水东路,30.307650，120.118100,杭州品尚物业,2016,1230,4,,49303,89,,,杭州
365,,中北花园二期,下城-西湖文化广场-春雨巷,30.278370，120.169010,安宁物业,1982,565,2,,49292,120,,,杭州
366,,丹桂公寓,西湖-山水-文三西路87号,30.274580，120.108240,浙江绿城物业,1999,378,1,,49151,60,,,杭州
367,,银桂花园,西湖-莲花街-文三西路469号,30.275050，120.093730,绿城物业,1996,78,0,,49085,200,,,杭州
368,,德雅花园,西湖-文教-教工路280号,30.290560，120.136620,华门物业,1995,666,2,,49023,85,,,杭州
369,,见仁里,上城-湖滨-青年路,30.248410，120.167340,湖滨街道居委会,1995,675,2,,49011,48,,,杭州
370,,天宏紫轩,上城-南星-秋涛路,30.337650，121.118802,浙江赞成物业,,854,3,,49000,,,,杭州
371,,贺田尚城富汇豪庭,滨江-钱江湾-六和路365号,30.179670，120.135520,南都物业,2000,556,2,,48995,,,,杭州
372,,融创涌清府,"江干-景芳-运河东路,近严家弄路",30.276170，120.218400,融创物业,,769,3,,48959,,,,杭州
373,,曙光路小区,西湖-西湖景区-曙光路1号,"120.153548,30.272954 ",业主自营,,762,3,,49324,,,,杭州
374,,由义弄,"上城-吴山-高银街,近后市街","120.17528,30.246775",社区居委会,1990,120,0,,48940,54,,,杭州
375,,采荷小区洁莲,江干-采荷-双菱路34号,"120.203295,30.259154",社区居委,1989,918,3,,48935,45,,,杭州
376,,银桂花园,西湖-莲花街-文三西路469号,"120.100638,30.280149 ",绿城物业,1996,78,0,,48932,230,,,杭州
377,,世外桃源风情村,萧山-湘湖闻堰-湘湖路,"120.1976,30.132611 ",杭州世外桃源物业,2000,865,3,,49193,,,,杭州
378,,新德雅公寓,西湖-文教-教工路282号,"120.14176,30.297802",浙江华门物业,2000,568,2,,48895,130,,,杭州
379,,尚农里小区,上城-湖滨-浣纱路14号,"120.174214,30.253715 ",社区居委会,1995,1800,6,,48846,,,,杭州
380,,九树公寓,西湖-西湖景区-五云中路22号,"120.115134,30.188254 ",杭州五云投资,2006,172,1,,48790,365,,,杭州
381,,采荷小区红菱,四季青街道办事处,"120.209376,30.258217 ",四季青街道办事处,1989,678,2,,48795,60,,,杭州
382,,南瓦坊,上城-雄镇楼-秋涛路,"120.181926,30.225783",街道办事处（居委会）代管物业,1997,765,3,,48730,65,,,杭州
383,,嘉绿莲苑,"西湖-嘉绿-文二西路,近通普路","120.123594,30.287656 ",杭州安嘉物业,2006,560,2,,48648,,,,杭州
384,,采荷新村,江干-采荷-采荷路,"120.199208,30.258974 ",业主自管,1987,667,2,,48677,70,,,杭州
385,,凯旋新村,江干-采荷-凯旋路107号,"120.196152,30.258617 ",社区物业,1995,300,1,,48597,56,,,杭州
386,,滨江金色江南,"萧山-钱江世纪城-飞虹路,近永晖路","120.266418,30.234393 ",杭州滨江物业,2016,900,3,,48591,89,,,杭州
387,,金瑞城市风景,拱墅-桥西-风景街333号,"120.13989,30.326985 ",杭州嘉园物业,2014,426,1,,48578,76,,,杭州
388,,武林新村,下城-武林-文三路,"120.168903,30.272845 ",业主自管,1984,774,3,,48571,,,,杭州
389,,黄龙金茂悦,"拱墅-申花-塘萍路,近拱苑路","120.121189,30.302401 ",金茂物业,2016,1470,5,,48570,89,,,杭州
390,,采荷小区青莼,江干-采荷-青玉路2号,"120.206454,30.257887 ",社区居委会,1990,380,1,,48538,50,,,杭州
391,,昆仑橡树园,拱墅-申花-萍水街450号,"120.114252,30.307792",浙江昆仑物业,2009,590,2,,48525,65,,,杭州
392,,凯旋金牛坊,江干-采荷-凯旋路151号,"120.196234,30.261089",新凯苑社区居委会,2007,600,2,,48500,80,,,杭州
393,,宋都凯旋苑,江干-采荷-凯旋路68号,"120.199331,30.2557",杭州宋都物业,2001,390,1,,48497,75,,,杭州
394,,邮政公寓,江干-采荷-凯旋路73号,"120.195593,30.257219",采荷街道办事处,1998,300,1,,48483,70,,,杭州
395,,金昌春和钱塘,"萧山-钱江世纪城-飞虹路,近民和路","120.26264,30.232768",世邦魏理仕,2015,1111,4,,48476,65,,,杭州
396,,采荷小区紫藕,江干-采荷-庆春东路45-2号,"120.203691,30.260703",凯旋街道,1990,420,1,,48428,44,,,杭州
397,,名城燕园(公寓),拱墅-和睦-和盛街25号,"120.140558,30.31706",南京名城物业,2010,795,3,,48414,89,,,杭州
398,,绿城玉兰公寓,"江干-火车东站-机场路,近范家路","120.207411,30.297796",浙江绿城物业,2009,1249,4,,48406,89,,,杭州
399,,双菱小区,江干-采荷-双菱路33-37号,"120.200729,30.261576",社区居委会,1988,1350,5,,48359,50,,,杭州
400,,顺发恒园,萧山-经开区-建设二路,"120.259793,30.207331",顺发恒业有限公司,2016,1009,3,,48356,89,,,杭州
401,,大营盘小区,"下城-体育场路-体育场路,近仓河下","120.183305,30.277712",潮鸣街道办事处,1997,2562,9,,48310,60,,,杭州
402,,西溪里瑾园,"西湖-西溪-紫霞街,近五常港路","120.065717,30.297684",坤和物业,2008,1232,4,,48275,139,,,杭州
403,,武林外滩(商住楼),下城-朝晖-文晖路338号,"120.167908,30.288054",高力国际物业,2016,885,3,,48555,,,,杭州
404,,嘉泰馨庭,拱墅-和睦-登云路291号,"120.138936,30.318911",绿城物业,2009,770,3,,48250,65,,,杭州
405,,陆家河头小区,上城-城站-江城路636号,"120.184489,30.242695",社区居委会,1984,300,1,,48184,72,,,杭州
406,,凯德视界,拱墅-和睦-登云路99号,"120.141177,30.319607",社区居委会,2008,1200,4,,48166,71,,,杭州
407,,上河湾,拱墅-和睦-登云路,"120.134024,30.317711",浙江天阳物业,2008,775,3,,48159,,,,杭州
408,,染坊弄,"上城-湖滨-西湖大道,近延安南路","120.17247,30.252983",湖滨街道居委会,1986,675,2,,48156,54,,,杭州
409,,莫邪塘东村,上城-城站-解放东路,"120.196464,30.249426",业主自营,1985,688,2,,48148,49,,,杭州
410,,半岛国际,滨江-四桥南-滨盛路2271号,"120.200827,30.207089",杭州天阳物业,2014,1566,5,,48020,100,,,杭州
411,,寰宇天下E区,"滨江-滨江区政府-滨盛路,近西兴路","120.223637,30.225079",中海物业,2014,1100,4,,47996,,,,杭州
412,,嘉绿苑北区,西湖-嘉绿-华星路174号,"120.123909,30.285974",杭州安居物业,1999,934,3,,47944,72,,,杭州
413,,西溪里璞园,西湖-西溪-紫霞街,"120.065992,30.294595",杭州坤元社区服务,,889,3,,47929,89,,,杭州
414,,东河家园,上城-小营-直大方伯8号,"120.185407,30.257671",小营街道办事处,2000,600,2,,47914,125,,,杭州
415,,采荷小区玉荷,江干-采荷-青玉路1号,"120.205948,30.260991",社区居委,1988,879,3,,47906,,,,杭州
416,,近江九园,上城-近江-久园弄42号,"120.204131,30.24086",杭州安居物业管理,2000,965,3,,47888,70,,,杭州
417,,兰桂花园,西湖-竞舟-古墩路386号,"120.10685,30.289145",绿城物业,1999,1080,4,,47875,82,,,杭州
418,,申花壹号院,"拱墅-申花-丰潭路,近申花路","120.112263,30.314767",杭州景瑞物业,2016,776,3,,47779,,,,杭州
419,,采荷小区翠柳,江干-采荷-双菱路60号,"120.203132,30.261886",凯旋街道,1988,680,2,,47741,78,,,杭州
420,,东方丽都花苑,"江干-火车东站-机场路,近范家路","120.206368,30.298676",杭州彩虹物业,2011,303,1,,47733,69,,,杭州
421,,信步闲庭,南北西岸物业公司,"120.141804,30.333409",南北西岸物业,2008,363,1,,47725,130,,,杭州
422,,景城花园,西湖-翠苑-华星路,"120.133842,30.284843",小区闲暇老人管理,2003,360,1,,47710,130,,,杭州
423,,南肖埠景和苑,江干-南肖埠-太平门直街239号,"120.204508,30.267102",杭州滨江物业,2000,1000,3,,47692,110,,,杭州
424,,四牌楼,"上城-吴山-城隍牌楼,近十五奎巷","120.174385,30.241369",紫阳街道,1985,554,2,,47657,62,,,杭州
425,,爱都枫丹白露,西湖-之江度假区-之江路186号,"120.081387,30.174653",浙江东方物业,2001,351,1,,47619,260,,,杭州
426,,融创时代奥城,"萧山-钱江世纪城-盈丰路,近书音路","120.253315,30.236928",融创物业,,564,2,,47616,,,,杭州
427,,滨江西溪之星,"余杭-五常-荆长大道,纬三路","120.048439,30.271575",杭州滨江物业,2016,851,3,,47525,96,,,杭州
428,,西溪里熙园,"西湖-西溪-五常港路,近双龙街","120.06576,30.297662",坤和物业,2014,890,3,,47338,,,,杭州
429,,锦都世家,上城-城站-清江路166号,"120.200176,30.249021",戴德梁行物业,2008,257,1,,47217,83,,,杭州
430,,钱江时代公寓,上城-近江-清江路346号,"120.211887,30.240712",杭州通策物业,2007,797,3,,47213,78,,,杭州
431,,钱江六苑,江干-钱江新城-太平门直街530号,"120.216632,30.266477",钱江苑社区居委会,2005,2345,8,,47201,89,,,杭州
432,,滨江万家花城二期,拱墅-申花-萍水街400号,"120.116852,30.309024",杭州滨江物业,2007,667,2,,47191,,,,杭州
433,,胭脂新村,下城-武林-天水巷24号,"120.175328,30.276773",胭脂新村社区居民委员会,1998,811,3,,47186,50,,,杭州
434,,寰宇天下D区,滨江-滨江区政府-阡陌路822号,"120.222003,30.223716",中海物业,2014,544,2,,47183,,,,杭州
435,,天阳武林邸,拱墅-申花-莫干山路915-3号,"120.126742,30.313294",天阳&万科物业,,655,2,,47124,,,,杭州
436,,协安上郡,"西湖-紫金港-申花路,近丰潭路","120.108151,30.312061",杭州卓盛物业,2008,674,2,,47074,89,,,杭州
437,,滨江万家花城一期,拱墅-申花-萍水街380号,"120.120266,30.311028",杭州滨江物业,2009,1786,6,,47034,91,,,杭州
438,,合景天銮(公寓),拱墅-申花-莫干山路989号,"120.124103,30.317641",广州市宁骏物业,2020,765,3,,46980,,,,杭州
439,,绿城宝业玉园,杭州周边-绍兴-阳明路,"120.60962,29.994984",浙江绿城物业,2013,555,2,,47073,,,,杭州
440,,西溪公寓,"西湖-文教-文二路,近保m路","120.147047,30.290353",西溪街道办事处,1996,150,1,,46954,99,,,杭州
441,,近江六园,上城-近江-富春路191号,"120.206269,30.238309",杭州安居物业,2003,543,2,,46948,60,,,杭州
442,,钱江苑,上城-近江-钱江路580号,"120.205207,30.242414",杭州市江干区四季青街道五福社区居民委员会,2000,350,1,,46938,108,,,杭州
443,,方易西鉴枫景,西湖-山水-竞舟路21号,"120.1121,30.275515",社区居委会,2007,442,1,,46930,88,,,杭州
444,,万和国际,萧山-钱江世纪城-皓月路188号,"120.262789,30.239063",浙江开元物业,2014,700,2,,46916,76,,,杭州
445,,天福花园,上城-近江-近江东路34号,"120.211412,30.239944",在水一方物业管理,2000,801,3,,46897,83,,,杭州
446,,万科璞悦湾,"滨江-钱江湾-滨文路,近西浦路","120.14371,30.176534",上海万科物业,2016,1771,6,,46896,90,,,杭州
447,,丽阳苑,西湖-紫金港-申花路389号,"120.107519,30.313599",浙江新鸿物业,2009,451,2,,46856,131,,,杭州
448,,恩济花苑,西湖-竞舟-文二西路176号,"120.112887,30.288631",杭州华源物业管理公司,2002,1580,5,,46840,85,,,杭州
449,,翰林花园,上城-小营-翰林街108号,"120.192306,30.262231",新鸿物业,2003,505,2,,46828,120,,,杭州
450,,东河锦园,下城-潮鸣-建国北路5-67号,"120.186922,30.26562",海锐翔上房物业,2002,222,1,,46745,110,,,杭州
451,,德信大家钱江府,"江干-景芳-东宁路,近艮山西路","120.230135,30.288417",杭州大家物业,2017,755,3,,46727,127,,,杭州
452,,清泰小区,江干-采荷-解放东路422号,"120.198506,30.254398",采荷街道办事处,1998,300,1,,46697,89,,,杭州
453,,延安新村,下城-武林-延安路58号,"120.169701,30.273957",耶稣堂弄社区中心,1990,106,0,,46679,72,,,杭州
454,,始版桥花园,上城-城站-始板桥114号,"120.189565,30.24555",业主自营,1994,42,0,,46672,42,,,杭州
455,,西湖花园,西湖-西湖景区-五云西路1号,"120.112972,30.188251",绿城物业,2001,200,1,,46637,144,,,杭州
456,,万安城市花园南苑,上城-小营-建国北路37号,"120.18636,30.25742",浙江广厦物业,2000,150,1,,46615,138,,,杭州
457,,三槐里,"下城-庆春-孩儿巷,近广福路","120.173379,30.267023",武林街道,1992,1544,5,,46603,56,,,杭州
458,,和谐嘉园南苑,"江干-钱江新城-江锦路,近新塘路","120.215935,30.258298",杭州众恒物业,2009,557,2,,46590,89,,,杭州
459,,南肖埠社区南二社区,江干-南肖埠-太平门直街209号,"120.205764,30.26617",杭州滨江物业,,654,2,,46583,,,,杭州
460,,万和玺园,"下城-三塘-颜三路,近再行路","120.177306,30.31736",杭州彩虹物业,2015,960,3,,46580,89,,,杭州
461,,小营民居,上城-小营-清吟街13-3号,"120.18441,30.258939",小营巷社区居委会,1999,220,1,,46530,89,,,杭州
462,,近江八园,"上城-近江-钱江路,近婺江路","120.20268,30.239401",杭州安居物业,2002,500,2,,46520,69,,,杭州
463,,直吉祥巷小区,上城-城站-直吉祥巷66号,"120.181615,30.246488",社区居委会,1988,5000,17,,46515,56,,,杭州
464,,大王庙巷,"上城-小营-马市街,近庆春路","120.183615,30.261629",小营街道办事处,1991,517,2,,46514,45,,,杭州
465,,草庄景墅,江干-笕桥-机场路190号,"120.220864,30.313606",业主自管,2012,547,2,,46501,,,,杭州
466,,和家园紫园,西湖-留下-杨梅山路,"120.067497,30.239846",深圳市开元国际,,554,2,,46643,,,,杭州
467,,雅仕苑,西湖-竞舟-文一西路149号,"120.112218,30.291772",南中国新城物业,2000,1300,4,,46471,58,,,杭州
468,,山水人家潇湘居,西湖-山水-爱莲街28号,"120.112471,30.27942",杭州坤和社区服务,2004,3000,10,,46431,120,,,杭州
469,,南都德加东区,西湖-竞舟-文二西路299号,"120.113213,30.287454",南都物业,1999,664,2,,46372,122,,,杭州
470,,和家园御园,西湖-留下-杨梅山路,"120.068388,30.241997",深圳市开元国际物业,,557,2,,46346,,,,杭州
471,,吴牙新村,下城-长庆-庆春路112号,"120.180445,30.264185",王马社区居委会,1997,315,1,,46345,50,,,杭州
472,,二凉亭小区,上城-雄镇楼-秋涛路,"120.184923,30.228853",业主自管,1996,302,1,,46341,50,,,杭州
473,,近江五园,上城-近江-衢江路87号,"120.207011,30.238173",杭州安居物业,2002,753,3,,46330,85,,,杭州
474,,九溪玫瑰园(公寓),西湖-西湖景区-五云西路8号,"120.117961,30.190137",绿城物业,2004,546,2,,46318,87,,,杭州
475,,近江七园,上城-近江-近江西路23号,"120.204184,30.239536",杭州安居物业,2000,655,2,,46273,70,,,杭州
476,,凤凰北苑,"上城-南星-姚江路,近钱江路","120.187083,30.226367",联合物业,2009,1120,4,,46270,130,,,杭州
477,,中海钱塘山水,"滨江-钱江湾-东信大道,近西浦路","120.139113,30.181309",中海物业,2009,1056,4,,46206,89,,,杭州
478,,柳营花园,城-长庆-长庆街63号,"120.180456,30.267092",浙江耀江物业,1989,456,2,,46181,57,,,杭州
479,,青龙苑,下城-建国路-岳家湾62号,"120.185115,30.274561",社区居委会,2001,132,0,,46177,103,,,杭州
480,,广厦檀香园,上城-小营-环城东路97号,"120.192985,30.260787",广厦物业,2006,611,2,,46165,77,,,杭州
481,,文华苑,上城-近江-富春路210号,"120.20776,30.240612",杭州在水一方物业,2006,326,1,,46164,67,,,杭州
482,,世茂天宸,江干-南肖埠-艮山西路105号,"120.201139,30.280099",世茂天成物业,2018,765,3,,46155,90,,,杭州
483,,嘉绿文苑,"西湖-嘉绿-益乐路,文三西路","120.12026,30.28342",社区居委会,2004,600,2,,46145,78,,,杭州
484,,和家园臻园,西湖-留下-杨梅山路,"120.067117,30.239157",深圳市开元国际物业,,554,2,,46148,,,,杭州
485,,华家池39号院,"江干-南肖埠-金川弄,近凤起东路","120.201176,30.267901",凯旋街道办事处,,568,2,,46117,64,,,杭州
486,,公元沐桥(南区),西湖-之江度假区-珊瑚沙路52号,"120.104849,30.171292",杭州公元酒店物业,2010,665,2,,46116,,,,杭州
487,,杭州湾文菁花苑,西湖-翠苑-文一路272号,"120.13145,30.295305",社区居委会,2005,118,0,,46078,110,,,杭州
488,,港湾家园,西湖-紫金港-余杭塘路866号,"120.092354,30.317515",浙江浙大求是物业,2006,1791,6,,46040,145,,,杭州
489,,富越香墅,西湖-桂花城-紫荆花路409号,"120.096036,30.29789",上海高力国际物业,2009,80,0,,46028,,,,杭州
490,,锦昌文华苑,拱墅-拱宸桥-丽水路146号,"120.148109,30.316647",浙江赞成物业,2005,1586,5,,46025,120,,,杭州
491,,融信公馆ARC,"拱墅-申花-学院北路,近隐秀路","120.134717,30.304862",福建融信世欧物业,2020,576,2,,46080,,,,杭州
492,,嘉Z华庭,拱墅-湖墅-密渡桥路80号,"120.163268,30.281328",浙江九洲物业,2012,665,2,,46000,67,,,杭州
493,,香樟洋房,西湖-留下-杨梅山路299号,"120.070229,30.242139",万科物业,2018,457,2,,46000,,,,杭州
494,,颐景园,西湖-莲花街-文二西路511号,"120.104746,30.286209",浙江颐景园物业,2002,983,3,,45989,100,,,杭州
495,,近江二园,"上城-近江-珊园弄,近诗园弄","120.207959,30.235035",夏安物业,2002,4000,13,,45948,64,,,杭州
496,,下羊线弄,上城-城站-江城路,"120.172166,30.275192",,2000,765,3,,45945,46,,,杭州
497,,景瑞申花壹号院,"拱墅-申花-申花路,近丰潭路口","120.112275,30.314538",上海景瑞物业,2016,1318,4,,45904,89,,,杭州
498,,世纪坊,上城-近江-近江东路2号,"120.210641,30.238059",海宁成诚物业,1998,741,2,,45891,76,,,杭州
499,,紫金文苑,西湖-紫金港-余杭塘路418号,"120.106952,30.302297",浙江浙大求是物业,2003,1170,4,,45884,163,,,杭州
500,,中山御庭,"城-鼓楼-抚宁巷,近江城路","120.179434,30.237489",紫阳街道,2010,130,0,,45875,,,,杭州
501,,钱江四苑,江干-钱江新城-钱潮路,"120.219925,30.265896",众恒物业,2000,450,2,,45863,76,,,杭州
502,,保安桥河下小区,上城-鼓楼-保安桥河下,"120.179939,30.238195",社区居委会,1989,556,2,,45839,,,,杭州
503,,金鹿雅园,下城-建国路-岳家湾28号,"120.18533,30.272059",杭州武林房地产公司,2004,500,2,,45821,120,,,杭州
504,,建电新村,江干-采荷-庆春东路111-139号,"120.198237,30.262521",采荷街道办事处,1988,2980,10,,45811,54,,,杭州
505,,文溪鼎园(商住楼),"西湖-竞舟-文一西路,近丰潭路","120.111932,30.295338",众恒物业,2014,654,2,,46110,,,,杭州
506,,顺发旺角城,萧山-萧山市区-市心中路123号,"120.271879,30.174354",浙江纳德物业,2014,502,2,,45795,145,,,杭州
507,,滨江新苑,上城-近江-近江东路59号,"120.209504,30.239026",杭州钱景物业有限公司,1998,711,2,,45761,56,,,杭州
508,,德信银树湾,拱墅-桥西-文岚街58号,"120.139492,30.332993",盛全物业,,654,2,,45726,90,,,杭州
509,,大华西溪风情澄品,余杭-未来科技城-文一西路,"120.039586,30.288314",杭州彩虹物业,2004,458,2,,45711,160,,,杭州
510,,大马弄小区,上城-吴山-大马弄,"120.175028,30.240136",业主自管,1982,304,1,,45692,38,,,杭州
511,,广宇河滨公寓,下城-建国路-建国北路363号,"120.186354,30.274268",杭州卓盛物业,2005,250,1,,45679,150,,,杭州
512,,和家园(南区),西湖-留下-杨梅山路310号,"120.065894,30.238588",深圳市开元国际物业,2009,1427,5,,45659,89,,,杭州
513,,香石公寓,下城-三塘-颜三路190号,"120.175319,30.318073",浙江华夏物业,2013,755,3,,45640,130,,,杭州
514,,钱江三苑,"江干-钱江新城-庆春东路,近杭海路","120.220264,30.263995",钱江苑社区居委会,2000,540,2,,45624,100,,,杭州
515,,西溪里B园,"西湖-西溪-五常港路,近双龙路","120.067344,30.298104",杭州坤元物业,2014,667,2,,45605,,,,杭州
516,,公安厅宿舍,江干-采荷-采荷路33号,"120.200908,30.257629",采荷街道,1989,775,3,,45580,,,,杭州
517,,东清苑,下城-长庆-庆春路80号,"120.183825,30.26402",杭州公用物业,1994,441,1,,45571,42,,,杭州
518,,云龙十一景,下城-潮鸣-建国北路80号,"120.187987,30.265246",近湖物业,2010,235,1,,45550,128,,,杭州
519,,仓柱弄,"下城-武林-中山北路,近百井坊巷","120.173233,30.272033",仓桥社区居民委员会,2000,192,1,,45529,,,,杭州
520,,水星阁东区,下城-体育场路-长远路,"120.180348,30.277969",浙江久鸿物业,1998,778,3,,45505,,,,杭州
521,,新城坊,上城-近江-近江北路28号,"120.2071,30.241382",南京城南物业,1999,460,2,,45486,76,,,杭州
522,,西溪玫瑰,余杭-五常-荆长路,"120.04821,30.255128",绿城物业,2013,291,1,,45477,240,,,杭州
523,,茶啾弄小区,上城-吴山-十五奎巷,"120.178535,30.243552",紫阳街道,1985,556,2,,45475,,,,杭州
524,,紫金观巷,上城-小营-紫金观巷,"120.180218,30.260986",小营街道办事处,1995,150,1,,45461,47,,,杭州
525,,横河新村,上城-小营-环城东路22号,"120.183243,30.245295",小营街道办事处,1970,1595,5,,45458,46,,,杭州
526,,湖畔花园(公寓),西湖-竞舟-文一西路176号,"120.108586,30.29398",浙江证大物业,1998,1040,3,,45444,120,,,杭州
527,,首开杭州金茂府,拱墅-申花-庆隆横路8号,"120.129176,30.30349",中化金茂物业,2020,976,3,,45422,,,,杭州
528,,近江一园,"上城-近江-衢江路,近清江路","120.209599,30.236421",杭州安居物业,2000,452,2,,45408,101,,,杭州
529,,西泠花苑,上城-小营-燕子弄2号,"120.188638,30.262492",西泠物业,2000,112,0,,45390,142,,,杭州
530,,近江四园,"上城-近江-婺江路,近富春路","120.206281,30.236287",杭州安居物业,2000,569,2,,45387,70,,,杭州
531,,富润里小区,下城-长庆-新华路,"120.184198,30.266943",业主自营,1991,254,1,,45366,41,,,杭州
532,,嘉绿名苑,西湖-嘉绿-益乐路52号,"120.121174,30.286763",杭州市西湖区古荡街道嘉绿苑社区居民委员会,2004,1198,4,,45355,70,,,杭州
533,,政苑小区A区,拱墅-申花-丰潭路207号,"120.111034,30.302112",江省直同人物业,2005,1394,5,,45333,,,,杭州
534,,采荷绿萍,江干-南肖埠-庆春东路12号,"120.205833,30.264222",庆春门社区居委会,1988,480,2,,45297,45,,,杭州
535,,近江苑,上城-近江-徐家埠路58号,"120.204351,30.244328",社区居委会,1995,833,3,,45273,68,,,杭州
536,,城隍牌楼巷新公房,"城-吴山-中山南路,近城隍牌楼口","120.176383,30.241223",紫阳街道,1989,582,2,,45271,,,,杭州
537,,五洋嘉景苑,"上城-鼓楼-江城路,近望江路","120.182238,30.24096",杭州五星物业,2002,165,1,,45268,86,,,杭州
538,,金成花园(公寓),西湖-竞舟-竞舟路220号,"120.112533,30.289747",浙江金成物业,1998,5712,19,,45247,52,,,杭州
539,,耀江福村,"上城-近江-衢江路,近富春路","120.206565,30.240689",杭州鸿晟物业,2000,489,2,,45231,65,,,杭州
540,,滨江曙光之城,江干-火车东站-机场路285号,"120.21395,30.310107",杭州滨江物业,2013,1000,3,,45227,90,,,杭州
541,,华家池小区,江干-南肖埠-凯旋路258号,"120.199956,30.271727",凯旋街道办事处,1988,1250,4,,45224,100,,,杭州
542,,万科草庄,江干-笕桥-机场路355号,"120.224664,30.315547",杭州万科物业,2014,765,3,,45214,70,,,杭州
543,,赞成太和广场,上城-南星-钱江路58号,"120.18363,30.222022",上海高力国际物业,2010,455,2,,45178,,,,杭州
544,,东方苑,西湖-之江度假区-之江路188号,"120.081088,30.179003",杭州彩虹物业,2002,300,1,,45177,300,,,杭州
545,,凤山花苑,上城-雄镇楼-江城路217号,"120.179302,30.230622",复兴物业,2003,368,1,,45173,70,,,杭州
546,,黄工厂弄,"上城-雄镇楼-江城路,近望江路","120.18068,30.235976",紫阳街道,2000,480,2,,45155,42,,,杭州
547,,和家园翰园,西湖-留下-杨梅山路362号,"120.065697,30.239595",深圳市开元国际物业,,566,2,,45155,,,,杭州
548,,缸儿巷小区,上城-湖滨-缸儿巷,"120.177901,30.254782",业主自管,1989,167,1,,45125,56,,,杭州
549,,人民社区,江干-采荷-凯旋路104号,"120.197302,30.259671",业主自管,1988,200,1,,45125,60,,,杭州
550,,勤远里,"上城-吴山-察院前巷,近中山南路","120.176015,30.240976",街道办事处（居委会）代管物业,1985,120,0,,45111,76,,,杭州
551,,鸥江公寓,上城-近江-近江北路39号,"120.205524,30.241817",杭州华群物业,1998,350,1,,45088,72,,,杭州
552,,华元芳满庭,拱墅-申花-丰潭路366号,"120.113152,30.302453",杭州华元物业,2008,706,2,,45085,65,,,杭州
553,,凤凰南苑,上城-南星-秋涛路40号,"120.184231,30.224603",南京城南物业,2000,1600,5,,45073,50,,,杭州
554,,钱江七苑,"江干-钱江新城-太平门直街,近江中街","120.216795,30.267946",杭州滨江物业,2005,1000,3,,45070,105,,,杭州
555,,春天花园,西湖-竞舟-文一西路208号,"120.106193,30.293649",浙江同益物业服务有限公司,2000,750,3,,45057,80,,,杭州
556,,滨江德信东方星城,江干-火车东站-环站东路,"120.222138,30.309183",滨江物业,2018,557,2,,45045,75,,,杭州
557,,溪上玫瑰园,余杭-五常-高教路,"120.027945,30.256999",绿城物业,2011,950,3,,45043,400,,,杭州
558,,中交悦西溪(公寓),"余杭-未来科技城-常二路,近大华欣华支路","120.035369,30.289282",杭州怡华物业,2015,258,1,,45034,110,,,杭州
559,,嘉绿西苑,西湖-嘉绿-华星路240号,"120.117334,30.287259",社区居委会,1998,1000,3,,45028,110,,,杭州
560,,南北西岸,拱墅-桥西-昼锦路12号,"120.141656,30.335901",浙江新南北物业,2010,998,3,,45014,85,,,杭州
561,,万科公园大道,江干-笕桥-机场路355号,"120.221487,30.317292",万科物业,2016,1422,5,,44943,89,,,杭州
562,,太阳国际公寓,滨江-彩虹城-伟业路730号,"120.166527,30.196675",上海高力国际物业,2006,951,3,,44923,63,,,杭州
563,,钱塘明月,萧山-萧山市区-金惠路300号,"120.279185,30.192534",杭州绿城物业,2016,665,2,,44921,89,,,杭州
564,,德信浙旅东宸,江干-火车东站-天城路,"120.225141,30.305812",盛全物业,2017,876,3,,44890,128,,,杭州
565,,凤起御跸苑,下城-体育场路-仓河下38-46号,"120.183746,30.277968",潮鸣街道办事处,2000,224,1,,44878,60,,,杭州
